{
  "_fv": 43,
  "_type": "tool",
  "definition": {
    "renderType": 0,
    "texture": "ardanium_shovel_texture",
    "customModelName": "Normal",
    "name": "Ardanium Shovel",
    "specialInfo": [],
    "creativeTab": {
      "value": "TOOLS"
    },
    "toolType": "Spade",
    "harvestLevel": 4,
    "efficiency": 8.0,
    "attackSpeed": 10.0,
    "enchantability": 10,
    "damageVsEntity": 4.0,
    "usageCount": 1561,
    "blocksAffected": [],
    "hasGlow": false,
    "repairItems": [],
    "immuneToFire": false,
    "stayInGridWhenCrafting": false,
    "damageOnCrafting": false
  }
}