{
  "_fv": 43,
  "_type": "tool",
  "definition": {
    "renderType": 0,
    "texture": "ardanium_pickaxe_texture",
    "customModelName": "Normal",
    "name": "Ardanium Pickaxe",
    "specialInfo": [],
    "creativeTab": {
      "value": "TOOLS"
    },
    "toolType": "Pickaxe",
    "harvestLevel": 3,
    "efficiency": 8.0,
    "attackSpeed": 1.0,
    "enchantability": 10,
    "damageVsEntity": 4.0,
    "usageCount": 1561,
    "blocksAffected": [],
    "hasGlow": false,
    "repairItems": [],
    "immuneToFire": false,
    "stayInGridWhenCrafting": false,
    "damageOnCrafting": false
  }
}