{
  "_fv": 43,
  "_type": "dimension",
  "definition": {
    "biomesInDimension": [
      {
        "value": "CUSTOM:ArdaniumBiome"
      }
    ],
    "worldGenType": "Normal world gen",
    "mainFillerBlock": {
      "value": "CUSTOM:ArdaniumGrass"
    },
    "fluidBlock": {
      "value": "CUSTOM:ArdaniumWater"
    },
    "airColor": {
      "value": -6750055,
      "falpha": 0.0
    },
    "canRespawnHere": true,
    "hasFog": false,
    "isDark": false,
    "doesWaterVaporize": false,
    "sleepResult": "DENY",
    "hasSkyLight": false,
    "imitateOverworldBehaviour": true,
    "portalFrame": {
      "value": "CUSTOM:ArdaniumBlock"
    },
    "portalParticles": {
      "value": "PORTAL"
    },
    "portalLuminance": 0,
    "portalSound": {
      "value": "block.portal.ambient"
    },
    "enableIgniter": true,
    "igniterName": "Ardanium Dimension Portal Igniter",
    "igniterTab": {
      "value": "TOOLS"
    },
    "texture": "ardanium_lighter_texture",
    "portalTexture": "ardanium_water_texture",
    "enablePortal": true
  }
}