{
  "_fv": 43,
  "_type": "tool",
  "definition": {
    "renderType": 0,
    "texture": "ardanium_sword_texture",
    "customModelName": "Normal",
    "name": "Ardanium Sword",
    "specialInfo": [],
    "creativeTab": {
      "value": "COMBAT"
    },
    "toolType": "Sword",
    "harvestLevel": 0,
    "efficiency": 0.0,
    "attackSpeed": 3.0,
    "enchantability": 10,
    "damageVsEntity": 7.0,
    "usageCount": 1561,
    "blocksAffected": [],
    "hasGlow": false,
    "repairItems": [],
    "immuneToFire": false,
    "stayInGridWhenCrafting": false,
    "damageOnCrafting": false
  }
}