{
  "_fv": 43,
  "_type": "biome",
  "definition": {
    "name": "Ardanium Biome",
    "groundBlock": {
      "value": "CUSTOM:ArdaniumGrass"
    },
    "undergroundBlock": {
      "value": "CUSTOM:ArdaniumStone"
    },
    "underwaterBlock": {
      "value": "CUSTOM:ArdaniumWater"
    },
    "airColor": {
      "value": -6750055,
      "falpha": 0.0
    },
    "grassColor": {
      "value": -6750055,
      "falpha": 0.0
    },
    "foliageColor": {
      "value": -16724788,
      "falpha": 0.0
    },
    "waterColor": {
      "value": -6750055,
      "falpha": 0.0
    },
    "waterFogColor": {
      "value": -6750055,
      "falpha": 0.0
    },
    "ambientSound": {
      "value": ""
    },
    "additionsSound": {
      "value": ""
    },
    "music": {
      "value": ""
    },
    "moodSound": {
      "value": ""
    },
    "moodSoundDelay": 6000,
    "spawnParticles": false,
    "particleToSpawn": {
      "value": "EXPLOSION_NORMAL"
    },
    "particlesProbability": 0.5,
    "rainingPossibility": 0.5,
    "temperature": 0.5,
    "spawnBiome": true,
    "spawnInCaves": false,
    "spawnBiomeNether": false,
    "genTemperature": {
      "min": -0.5,
      "max": 0.5
    },
    "genHumidity": {
      "min": -0.5,
      "max": 0.5
    },
    "genContinentalness": {
      "min": 0.3,
      "max": 1.0
    },
    "genErosion": {
      "min": -0.5,
      "max": 0.5
    },
    "genWeirdness": {
      "min": -1.0,
      "max": 1.0
    },
    "treesPerChunk": 1,
    "vanillaTreeType": "Savanna trees",
    "treeType": 1,
    "minHeight": 7,
    "treeStem": {
      "value": "CUSTOM:ArdaniumLog"
    },
    "treeBranch": {
      "value": "CUSTOM:ArdaniumLeave"
    },
    "treeVines": {
      "value": "CUSTOM:ArdaniumLeave"
    },
    "treeFruits": {
      "value": ""
    },
    "defaultFeatures": [
      "Caves",
      "Ores",
      "FrozenTopLayer"
    ],
    "spawnStronghold": false,
    "spawnMineshaft": false,
    "spawnMineshaftMesa": false,
    "spawnPillagerOutpost": false,
    "villageType": "none",
    "spawnWoodlandMansion": false,
    "spawnJungleTemple": false,
    "spawnDesertPyramid": false,
    "spawnSwampHut": false,
    "spawnIgloo": false,
    "spawnOceanMonument": false,
    "spawnShipwreck": false,
    "spawnShipwreckBeached": false,
    "spawnBuriedTreasure": false,
    "oceanRuinType": "NONE",
    "spawnNetherBridge": false,
    "spawnNetherFossil": false,
    "spawnBastionRemnant": false,
    "spawnEndCity": false,
    "spawnRuinedPortal": "NONE",
    "spawnEntries": [
      {
        "entity": {
          "value": "CUSTOM:ArdaniumAnimal"
        },
        "minGroup": 4,
        "maxGroup": 4,
        "weight": 20,
        "spawnType": "monster"
      },
      {
        "entity": {
          "value": "CUSTOM:ArdaniumAnimal2"
        },
        "minGroup": 4,
        "maxGroup": 4,
        "weight": 20,
        "spawnType": "monster"
      },
      {
        "entity": {
          "value": "CUSTOM:ArdaniumAnimal3"
        },
        "minGroup": 4,
        "maxGroup": 4,
        "weight": 20,
        "spawnType": "monster"
      }
    ]
  }
}