{
  "_fv": 43,
  "_type": "fluid",
  "definition": {
    "name": "Ardanium Water",
    "bucketName": "Ardanium Water Bucket",
    "textureStill": "ardanium_water_texture",
    "textureFlowing": "ardanium_water_texture",
    "tintType": "Grass",
    "canMultiply": true,
    "flowRate": 3,
    "levelDecrease": 1,
    "slopeFindDistance": 4,
    "spawnParticles": true,
    "dripParticle": {
      "value": "EXPLOSION_NORMAL"
    },
    "flowStrength": -1.0,
    "luminosity": 0,
    "density": 1000,
    "viscosity": 1000,
    "temperature": 300,
    "type": "WATER",
    "generateBucket": true,
    "textureBucket": "",
    "creativeTab": {
      "value": "No creative tab entry"
    },
    "emptySound": {
      "value": ""
    },
    "rarity": "COMMON",
    "specialInfo": [],
    "resistance": 100.0,
    "luminance": 0,
    "lightOpacity": 1,
    "emissiveRendering": false,
    "tickRate": 10,
    "flammability": 0,
    "fireSpreadSpeed": 0,
    "colorOnMap": "DEFAULT"
  }
}