{
  "parent": "block/cube",
  "textures": {
    "down": "minecraftmod:block/ardanium_log_bottom_texture",
    "up": "minecraftmod:block/ardanium_log_bottom_texture",
    "north": "minecraftmod:block/ardanium_log_side_texture",
    "east": "minecraftmod:block/ardanium_log_side_texture",
    "south": "minecraftmod:block/ardanium_log_side_texture",
    "west": "minecraftmod:block/ardanium_log_side_texture",
    "particle": "minecraftmod:block/ardanium_log_bottom_texture"
  },
  "render_type": "solid"
}