{
  "type": "minecraft:crafting_shaped",
  "category": "misc",
  "pattern": [
    " 1 ",
    "345",
    " 7 "
  ],
  "key": {
    "1": {
      "item": "minecraftmod:ardanium_ingot"
    },
    "3": {
      "item": "minecraftmod:ardanium_ingot"
    },
    "4": {
      "item": "minecraft:flint"
    },
    "5": {
      "item": "minecraftmod:ardanium_ingot"
    },
    "7": {
      "item": "minecraftmod:ardanium_ingot"
    }
  },
  "result": {
    "item": "minecraftmod:ardanium_dimension",
    "count": 1
  }
}